date,loan_delinquency_rate,federal_funds_rate,unemployment_rate
2010-01-01,7.4,0.11,9.8
2010-02-01,,0.13,9.8
2010-03-01,,0.16,9.9
2010-04-01,7.21,0.2,9.9
2010-05-01,,0.2,9.6
2010-06-01,,0.18,9.4
2010-07-01,6.89,0.18,9.4
2010-08-01,,0.19,9.5
2010-09-01,,0.19,9.5
2010-10-01,6.38,0.19,9.4
2010-11-01,,0.19,9.8
2010-12-01,,0.18,9.3
2011-01-01,6.2,0.17,9.1
2011-02-01,,0.16,9.0
2011-03-01,,0.14,9.0
2011-04-01,5.96,0.1,9.1
2011-05-01,,0.09,9.0
2011-06-01,,0.09,9.1
2011-07-01,5.7,0.07,9.0
2011-08-01,,0.1,9.0
2011-09-01,,0.08,9.0
2011-10-01,5.46,0.07,8.8
2011-11-01,,0.08,8.6
2011-12-01,,0.07,8.5
2012-01-01,5.27,0.08,8.3
2012-02-01,,0.1,8.3
2012-03-01,,0.13,8.2
2012-04-01,5.13,0.14,8.2
2012-05-01,,0.16,8.2
2012-06-01,,0.16,8.2
2012-07-01,5.04,0.16,8.2
2012-08-01,,0.13,8.1
2012-09-01,,0.14,7.8
2012-10-01,4.65,0.16,7.8
2012-11-01,,0.16,7.7
2012-12-01,,0.16,7.9
2013-01-01,4.41,0.14,8.0
2013-02-01,,0.15,7.7
2013-03-01,,0.14,7.5
2013-04-01,4.14,0.15,7.6
2013-05-01,,0.11,7.5
2013-06-01,,0.09,7.5
2013-07-01,3.78,0.09,7.3
2013-08-01,,0.08,7.2
2013-09-01,,0.08,7.2
2013-10-01,3.52,0.09,7.2
2013-11-01,,0.08,6.9
2013-12-01,,0.09,6.7
2014-01-01,3.31,0.07,6.6
2014-02-01,,0.07,6.7
2014-03-01,,0.08,6.7
2014-04-01,3.08,0.09,6.2
2014-05-01,,0.09,6.3
2014-06-01,,0.1,6.1
2014-07-01,2.9,0.09,6.2
2014-08-01,,0.09,6.1
2014-09-01,,0.09,5.9
2014-10-01,2.7,0.09,5.7
2014-11-01,,0.09,5.8
2014-12-01,,0.12,5.6
2015-01-01,2.49,0.11,5.7
2015-02-01,,0.11,5.5
2015-03-01,,0.11,5.4
2015-04-01,2.39,0.12,5.4
2015-05-01,,0.12,5.6
2015-06-01,,0.13,5.3
2015-07-01,2.28,0.13,5.2
2015-08-01,,0.14,5.1
2015-09-01,,0.14,5.0
2015-10-01,2.19,0.12,5.0
2015-11-01,,0.12,5.1
2015-12-01,,0.24,5.0
2016-01-01,2.17,0.34,4.8
2016-02-01,,0.38,4.9
2016-03-01,,0.36,5.0
2016-04-01,2.14,0.37,5.1
2016-05-01,,0.37,4.8
2016-06-01,,0.38,4.9
2016-07-01,2.07,0.39,4.8
2016-08-01,,0.4,4.9
2016-09-01,,0.4,5.0
2016-10-01,2.03,0.4,4.9
2016-11-01,,0.41,4.7
2016-12-01,,0.54,4.7
2017-01-01,1.93,0.65,4.7
2017-02-01,,0.66,4.6
2017-03-01,,0.79,4.4
2017-04-01,1.85,0.9,4.4
2017-05-01,,0.91,4.4
2017-06-01,,1.04,4.3
2017-07-01,1.83,1.15,4.3
2017-08-01,,1.16,4.4
2017-09-01,,1.15,4.3
2017-10-01,1.79,1.15,4.2
2017-11-01,,1.16,4.2
2017-12-01,,1.3,4.1
2018-01-01,1.72,1.41,4.0
2018-02-01,,1.42,4.1
2018-03-01,,1.51,4.0
2018-04-01,1.65,1.69,4.0
2018-05-01,,1.7,3.8
2018-06-01,,1.82,4.0
2018-07-01,1.6,1.91,3.8
2018-08-01,,1.91,3.8
2018-09-01,,1.95,3.7
2018-10-01,1.52,2.19,3.8
2018-11-01,,2.2,3.8
2018-12-01,,2.27,3.9
2019-01-01,1.53,2.4,4.0
2019-02-01,,2.4,3.8
2019-03-01,,2.41,3.8
2019-04-01,1.5,2.42,3.7
2019-05-01,,2.39,3.6
2019-06-01,,2.38,3.6
2019-07-01,1.47,2.4,3.7
2019-08-01,,2.13,3.6
2019-09-01,,2.04,3.5
2019-10-01,1.42,1.83,3.6
2019-11-01,,1.55,3.6
2019-12-01,,1.55,3.6
2020-01-01,1.5,1.55,3.6
2020-02-01,,1.58,3.5
2020-03-01,,0.65,4.4
2020-04-01,1.55,0.05,14.8
2020-05-01,,0.05,13.2
2020-06-01,,0.08,11.0
2020-07-01,1.59,0.09,10.2
2020-08-01,,0.1,8.4
2020-09-01,,0.09,7.8
2020-10-01,1.58,0.09,6.9
2020-11-01,,0.09,6.7
2020-12-01,,0.09,6.7
2021-01-01,1.47,0.09,6.4
2021-02-01,,0.08,6.2
2021-03-01,,0.07,6.1
2021-04-01,1.37,0.07,6.1
2021-05-01,,0.06,5.8
2021-06-01,,0.08,5.9
2021-07-01,1.29,0.1,5.4
2021-08-01,,0.09,5.1
2021-09-01,,0.08,4.7
2021-10-01,1.26,0.08,4.5
2021-11-01,,0.08,4.1
2021-12-01,,0.08,3.9
2022-01-01,1.24,0.08,4.0
2022-02-01,,0.08,3.9
2022-03-01,,0.2,3.7
2022-04-01,1.22,0.33,3.7
2022-05-01,,0.77,3.6
2022-06-01,,1.21,3.6
2022-07-01,1.2,1.68,3.5
2022-08-01,,2.33,3.6
2022-09-01,,2.56,3.5
2022-10-01,1.19,3.08,3.6
2022-11-01,,3.78,3.6
2022-12-01,,4.1,3.5
2023-01-01,1.21,4.33,3.5
2023-02-01,,4.57,3.6
2023-03-01,,4.65,3.5
2023-04-01,1.26,4.83,3.4
2023-05-01,,5.06,3.6
2023-06-01,,5.08,3.6
2023-07-01,1.34,5.12,3.5
2023-08-01,,5.33,3.7
2023-09-01,,5.33,3.7
2023-10-01,1.38,5.33,3.9
2023-11-01,,5.33,3.7
2023-12-01,,5.33,3.8
2024-01-01,1.43,5.33,3.7
2024-02-01,,5.33,3.9
2024-03-01,,5.33,3.9
2024-04-01,1.49,5.33,3.9
2024-05-01,,5.33,3.9
2024-06-01,,5.33,4.1
2024-07-01,1.52,5.33,4.2
2024-08-01,,5.33,4.2
2024-09-01,,5.13,4.1
2024-10-01,1.53,4.83,4.1
2024-11-01,,4.64,4.2
2024-12-01,,4.48,4.1
2025-01-01,1.55,4.33,4.0
2025-02-01,,4.33,4.2
2025-03-01,,4.33,4.2
2025-04-01,1.51,4.33,4.2
2025-05-01,,4.33,4.3
2025-06-01,,4.33,4.1
2025-07-01,1.49,4.33,4.3
2025-08-01,,4.33,4.3
2025-09-01,,4.22,4.4
2025-10-01,1.48,4.09,
2025-11-01,,3.88,4.5
2025-12-01,,3.72,4.4
2026-01-01,,3.64,4.3
2026-02-01,,3.64,4.4
